{"noise_factors": [1, 3, 5, 7, 9, 11, 13, 15, 17, 19, 21, 23, 25, 27, 29, 31, 33, 35, 37, 39, 41, 43, 45, 47, 49, 51, 53, 55, 57, 59, 61, 63, 65, 67, 69, 71, 73, 75, 77, 79, 81, 83, 85, 87, 89, 91, 93, 95, 97, 99, 101, 103, 105, 107, 109, 111, 113, 115, 117, 119, 121, 123, 125, 127, 129, 131, 133, 135, 137, 139, 141, 143, 145, 147, 149, 151, 153, 155, 157, 159, 161, 163, 165, 167, 169, 171, 173, 175, 177, 179, 181, 183, 185, 187, 189, 191, 193, 195, 197, 199], "values": [-1.8013159644397592, -1.7769705332195236, -1.741410142770287, -1.7078936000446099, -1.6613286758874612, -1.6438780527457584, -1.597947948202834, -1.5725442867790804, -1.5054031958083125, -1.4914389796059582, -1.4433313278356732, -1.4010988092817533, -1.344928311637361, -1.3186897978015717, -1.283029312976597, -1.251811603893277, -1.1996001666836997, -1.177462525331265, -1.1313174153546084, -1.1134766762818333, -1.0908624680823304, -1.0570128790349573, -1.0232244977144038, -1.0209339298880704, -0.9768172546227052, -0.9847838129309499, -0.9649785194355042, -0.9594374406729831, -0.9554650901872478, -0.9508830579982653, -0.9484848042776969, -0.9443409226562758, -0.9444340608179684, -0.9616434272046145, -0.9665414165909825, -0.9781701641063891, -0.9744941248289913, -0.9837683072688549, -0.9955195807255325, -0.9747780373132929, -1.0105863588173662, -1.0319750140261397, -1.0349895366268838, -1.022931464379255, -1.0326921529118744, -1.045780640944338, -1.0413872484342264, -1.0596427801349757, -1.0712213882078931, -1.0992001912938918, -1.0780479739522468, -1.089781370972403, -1.089539901133894, -1.0897349136427144, -1.1001838184414698, -1.1101055557365935, -1.0860259357982955, -1.1016136203149696, -1.1028696433943614, -1.0979168151652179, -1.0993911813823318, -1.079051588815305, -1.11127937776859, -1.0817766173599141, -1.0973930049397764, -1.0831235516249769, -1.1025371518825495, -1.082655697598564, -1.0683716121107492, -1.0696279677612355, -1.0633466338310562, -1.070001666338471, -1.0824291964500703, -1.0677939725935326, -1.0598024946671951, -1.075777510801983, -1.078079027425004, -1.0764190293442932, -1.0739001699792132, -1.0812849740175776, -1.0841688178757114, -1.0650386688883662, -1.0644755550024387, -1.063514824580373, -1.0811370970818777, -1.0694844472358631, -1.0572013237670888, -1.0585600994192501, -1.0643401833325004, -1.0800182204343824, -1.0601842290851804, -1.0451048300305217, -1.0778588874240702, -1.0614462832680898, -1.0640267882092842, -1.0737122150167324, -1.0674317684675323, -1.0836950418145597, -1.0739235110269787, -1.067234857763206], "variances": [0.08075915171537483, 0.0901609739325171, 0.10884846395672519, 0.12836039849226477, 0.15092772258357148, 0.16391911390781513, 0.1841108899021921, 0.19588822144382606, 0.22794748124782865, 0.2340552971845224, 0.25045527465664735, 0.2665106748437645, 0.28525141694317596, 0.292414912211869, 0.3050306132584429, 0.3135532748032851, 0.3229966951529358, 0.32740036440386716, 0.33580314039780035, 0.3384781982755462, 0.34133322647162023, 0.3431958405863889, 0.3441061592167546, 0.3440829902194321, 0.34472746476084015, 0.34362802663826664, 0.34478578488627687, 0.3439603684172361, 0.3448331693724914, 0.34502362382481055, 0.3436393875759606, 0.34465863427168186, 0.3450831273488044, 0.3459670042042438, 0.3464885273636706, 0.3470769342204962, 0.3466971466686623, 0.3474644147469083, 0.3481294617665608, 0.34700364613722834, 0.3485236214757977, 0.34909794551196827, 0.34919330121889536, 0.3487464808216203, 0.3491088500152606, 0.3491180023591735, 0.34926321629830737, 0.3493933459259258, 0.3492306603921065, 0.3478700573890085, 0.34903086084465873, 0.34875561760392176, 0.34859171868618094, 0.3486304410296502, 0.34848740892547325, 0.34820403488750196, 0.34891214485788313, 0.3484382377985303, 0.3482434428992806, 0.34832421414603887, 0.3477015502677436, 0.34893813937946927, 0.3475301786185544, 0.34895222830299755, 0.3485632815247845, 0.3489376571405586, 0.3483756486723754, 0.3489176590895312, 0.34924444120809306, 0.349285668158737, 0.34937590590269446, 0.34928663963677775, 0.3489121090805803, 0.34915216840671937, 0.34932232278446257, 0.34908717117644417, 0.34909357081913944, 0.3491669869362821, 0.34913072881373897, 0.34890407937392737, 0.34894726031438306, 0.3493891556217624, 0.34924497096804696, 0.3494156311802874, 0.34899487420538905, 0.3492295615520375, 0.3495179536357683, 0.34952285614396394, 0.34946362041815615, 0.34920929756759655, 0.3495168776100452, 0.34944174771052894, 0.34909866896559566, 0.3495003875782248, 0.3494904773502596, 0.3491489832074453, 0.34933403847892175, 0.3490765598177482, 0.3493135699720472, 0.3494751844649157], "num_shots": [4000, 4000, 4000, 4000, 4000, 4000, 4000, 4000, 4000, 4000, 4000, 4000, 4000, 4000, 4000, 4000, 4000, 4000, 4000, 4000, 4000, 4000, 4000, 4000, 4000, 4000, 4000, 4000, 4000, 4000, 4000, 4000, 4000, 4000, 4000, 4000, 4000, 4000, 4000, 4000, 4000, 4000, 4000, 4000, 4000, 4000, 4000, 4000, 4000, 4000, 4000, 4000, 4000, 4000, 4000, 4000, 4000, 4000, 4000, 4000, 4000, 4000, 4000, 4000, 4000, 4000, 4000, 4000, 4000, 4000, 4000, 4000, 4000, 4000, 4000, 4000, 4000, 4000, 4000, 4000, 4000, 4000, 4000, 4000, 4000, 4000, 4000, 4000, 4000, 4000, 4000, 4000, 4000, 4000, 4000, 4000, 4000, 4000, 4000, 4000]}